Title,Link
Ofertas | Mercadolibre Chile,Saltar al contenido,#root-app
Ofertas | Mercadolibre Chile,Mercado Libre Chile - Donde comprar y vender de todo,//www.mercadolibre.cl
Ofertas | Mercadolibre Chile,,https://www.mercadolibre.cl/suscripciones/nivel-6#origin=banner-menu&me.position=0&me.bu_line=26&me.flow=-1&me.bu=3&me.audience=all&me.content_id=MLC_BM_LOYALTY50__L1-5&me.component_id=banner_menu_web_ml&me.logic=user_journey
Ofertas | Mercadolibre Chile, Ingresa tu domicilio,https://www.mercadolibre.cl/navigation/addresses-hub?go=https%3A%2F%2Fwww.mercadolibre.cl%2Fofertas%3Fcontainer_id%3DMLC779365-1%26category%3DMLC1051
Ofertas | Mercadolibre Chile, Ingresa tu domicilio,https://www.mercadolibre.cl/navigation/addresses-hub?go=https%3A%2F%2Fwww.mercadolibre.cl%2Fofertas%3Fcontainer_id%3DMLC779365-1%26category%3DMLC1051
Ofertas | Mercadolibre Chile,Categor眼s,https://www.mercadolibre.cl/categorias#nav-header
Ofertas | Mercadolibre Chile,Ofertas,https://www.mercadolibre.cl/ofertas#nav-header
Ofertas | Mercadolibre Chile,Historial,https://www.mercadolibre.cl/gz/home/navigation#nav-header
Ofertas | Mercadolibre Chile,SupermercadoNuevo,https://www.mercadolibre.cl/ofertas/supermercado#nav-header
Ofertas | Mercadolibre Chile,Moda,https://www.mercadolibre.cl/c/vestuario-y-calzado#nav-header
Ofertas | Mercadolibre Chile,Vender,https://www.mercadolibre.cl/syi/core/list#nav-header
Ofertas | Mercadolibre Chile,Ayuda,https://www.mercadolibre.cl/ayuda#nav-header
Ofertas | Mercadolibre Chile,Crea tu cuenta,https://www.mercadolibre.cl/registration?confirmation_url=https%3A%2F%2Fwww.mercadolibre.cl%2Fofertas%3Fcontainer_id%3DMLC779365-1%26category%3DMLC1051#nav-header
Ofertas | Mercadolibre Chile,Ingresa,https://www.mercadolibre.com/jms/mlc/lgz/login?platform_id=ML&go=https%3A%2F%2Fwww.mercadolibre.cl%2Fofertas%3Fcontainer_id%3DMLC779365-1%26category%3DMLC1051&loginType=explicit#nav-header
Ofertas | Mercadolibre Chile,Mis compras,https://myaccount.mercadolibre.cl/purchases/list#nav-header
Ofertas | Mercadolibre Chile,0 productos en tu carrito,https://www.mercadolibre.cl/gz/cart/v2
Ofertas | Mercadolibre Chile,Ofertas멘ncuentra precios incre雁les cada d眼!,/ofertas
Ofertas | Mercadolibre Chile,Ofertas,https://www.mercadolibre.cl/ofertas?container_id=MLC779365-1#origin=breadcrumb&filter_position=1
Ofertas | Mercadolibre Chile,Celulares y Telefon眼,https://www.mercadolibre.cl/ofertas?container_id=MLC779365-1&category=MLC1051#filter_applied=category_id&origin=breadcrumb&filter_position=1
Ofertas | Mercadolibre Chile,Oferta del d眼 (11),https://www.mercadolibre.cl/ofertas?container_id=MLC779365-1&category=MLC1051&promotion_type=deal_of_the_day#filter_applied=promotion_type&origin=qcat&filter_position=3
Ofertas | Mercadolibre Chile,Oferta rel炅pago (3),https://www.mercadolibre.cl/ofertas?container_id=MLC779365-1&category=MLC1051&promotion_type=lightning#filter_applied=promotion_type&origin=qcat&filter_position=3
Ofertas | Mercadolibre Chile,Accesorios para Celulares (199),https://www.mercadolibre.cl/ofertas?container_id=MLC779365-1&category=MLC3813#filter_applied=category_id&origin=qcat&filter_position=4
Ofertas | Mercadolibre Chile,Celulares y Smartphones (63),https://www.mercadolibre.cl/ofertas?container_id=MLC779365-1&category=MLC1055#filter_applied=category_id&origin=qcat&filter_position=4
Ofertas | Mercadolibre Chile,Handies y Radiofrecuencia (7),https://www.mercadolibre.cl/ofertas?container_id=MLC779365-1&category=MLC1058#filter_applied=category_id&origin=qcat&filter_position=4
Ofertas | Mercadolibre Chile,Lentes de Realidad Virtual (1),https://www.mercadolibre.cl/ofertas?container_id=MLC779365-1&category=MLC401278#filter_applied=category_id&origin=qcat&filter_position=4
Ofertas | Mercadolibre Chile,Repuestos para Celulares (13),https://www.mercadolibre.cl/ofertas?container_id=MLC779365-1&category=MLC157652#filter_applied=category_id&origin=qcat&filter_position=4
Ofertas | Mercadolibre Chile,Smartwatches y Accesorios (81),https://www.mercadolibre.cl/ofertas?container_id=MLC779365-1&category=MLC417704#filter_applied=category_id&origin=qcat&filter_position=4
Ofertas | Mercadolibre Chile,Telefon眼 Fija e Inal炅brica (1),https://www.mercadolibre.cl/ofertas?container_id=MLC779365-1&category=MLC1053#filter_applied=category_id&origin=qcat&filter_position=4
Ofertas | Mercadolibre Chile,Gratis (209),https://www.mercadolibre.cl/ofertas?container_id=MLC779365-1&category=MLC1051&free_shipping=1#filter_applied=free_shipping&origin=qcat&filter_position=5
Ofertas | Mercadolibre Chile,Cuotas sin inter乶 (153),https://www.mercadolibre.cl/ofertas?container_id=MLC779365-1&category=MLC1051&psj=1#filter_applied=psj&origin=qcat&filter_position=6
Ofertas | Mercadolibre Chile,Hasta $ 10.000 (105),https://www.mercadolibre.cl/ofertas?container_id=MLC779365-1&category=MLC1051&price=0.0-10000.0#filter_applied=price&origin=qcat&filter_position=7
Ofertas | Mercadolibre Chile,$10.000 a $35.000 (125),https://www.mercadolibre.cl/ofertas?container_id=MLC779365-1&category=MLC1051&price=10000.0-35000.0#filter_applied=price&origin=qcat&filter_position=7
Ofertas | Mercadolibre Chile,M硬 de $35.000 (135),https://www.mercadolibre.cl/ofertas?container_id=MLC779365-1&category=MLC1051&price=35000.0-0.0#filter_applied=price&origin=qcat&filter_position=7
Ofertas | Mercadolibre Chile,Ahora: 299994 pesos$299.99440% OFFAntes: 499990 pesos$499.9906x $ 49.999 sin inter乶Samsung Galaxy A54 5G 5G 256 GB awesome graphite 8 GB RAMpor MovistarLlega gratis ma人na,https://www.mercadolibre.cl/samsung-galaxy-a54-5g-5g-256-gb-awesome-graphite-8-gb-ram/p/MLC22770354?pdp_filters=category:MLC1051%7Cdeal:MLC779365-1&hide_psmb=true#searchVariation=MLC22770354&position=1&search_layout=grid&type=product&tracking_id=42b09447-a46e-4fda-a91a-93e274924b5f&deal_print_id=890e64e7-3359-4f55-ad52-5bad9a41b969&promotion_type=TODAY_PROMOTION
Ofertas | Mercadolibre Chile,Ahora: 150990 pesos$150.99039% OFFAntes: 249990 pesos$249.9906x $ 25.165 sin inter乶Samsung Galaxy A14 (Exynos) 5G Dual SIM 128 GB black 4 GB RAMpor MovistarLlega gratis ma人na,https://www.mercadolibre.cl/samsung-galaxy-a14-exynos-5g-dual-sim-128-gb-black-4-gb-ram/p/MLC22096077?pdp_filters=category:MLC1051%7Cdeal:MLC779365-1&hide_psmb=true#searchVariation=MLC22096077&position=2&search_layout=grid&type=product&tracking_id=42b09447-a46e-4fda-a91a-93e274924b5f&deal_print_id=890e64e7-3359-4f55-ad52-5bad9a41b969&promotion_type=TODAY_PROMOTION
Ofertas | Mercadolibre Chile,Ahora: 229990 pesos$229.99036% OFFAntes: 359990 pesos$359.9906x $ 38.331 sin inter乶Xiaomi Redmi Note 12s 4G Dual SIM 256 GB onyx black 8 GB RAMpor XiaomiLlega gratis ma人na,https://www.mercadolibre.cl/xiaomi-redmi-note-12s-4g-dual-sim-256-gb-onyx-black-8-gb-ram/p/MLC24127593?pdp_filters=category:MLC1051%7Cdeal:MLC779365-1&hide_psmb=true#searchVariation=MLC24127593&position=3&search_layout=grid&type=product&tracking_id=42b09447-a46e-4fda-a91a-93e274924b5f&deal_print_id=890e64e7-3359-4f55-ad52-5bad9a41b969&promotion_type=TODAY_PROMOTION
Ofertas | Mercadolibre Chile,Ahora: 119990 pesos$119.99020% OFFAntes: 149990 pesos$149.99012x $ 9.999 sin inter乶Samsung Galaxy A04s 128gb Rom 4gb Ram Negropor SamsungLlega gratis ma人na,https://www.mercadolibre.cl/samsung-galaxy-a04s-128gb-rom-4gb-ram-negro/p/MLC21027027?pdp_filters=category:MLC1051%7Cdeal:MLC779365-1&hide_psmb=true#searchVariation=MLC21027027&position=4&search_layout=grid&type=product&tracking_id=42b09447-a46e-4fda-a91a-93e274924b5f&deal_print_id=890e64e7-3359-4f55-ad52-5bad9a41b969&promotion_type=TODAY_PROMOTION
Ofertas | Mercadolibre Chile,OFERTA DEL D페Ahora: 97990 pesos$97.99024% OFFAntes: 129990 pesos$129.9906x $ 16.331 sin inter乶Motorola Moto E22por MotorolaLlega gratis ma人na,https://articulo.mercadolibre.cl/MLC-1749891176-motorola-moto-e22-_JM?hide_psmb=true#position=31&search_layout=grid&type=item&tracking_id=42b09447-a46e-4fda-a91a-93e274924b5f&deal_print_id=890e64e7-3359-4f55-ad52-5bad9a41b969&promotion_type=DEAL_OF_THE_DAY
Ofertas | Mercadolibre Chile,Ahora: 109990 pesos$109.99045% OFFAntes: 199990 pesos$199.9906x $ 18.331 sin inter乶Xiaomi Redmi 12C Dual SIM 128 GB gris grafito 4 GB RAMpor XiaomiLlega gratis ma人na,https://www.mercadolibre.cl/xiaomi-redmi-12c-dual-sim-128-gb-gris-grafito-4-gb-ram/p/MLC22307921?pdp_filters=category:MLC1051%7Cdeal:MLC779365-1&hide_psmb=true#searchVariation=MLC22307921&position=5&search_layout=grid&type=product&tracking_id=42b09447-a46e-4fda-a91a-93e274924b5f&deal_print_id=890e64e7-3359-4f55-ad52-5bad9a41b969&promotion_type=TODAY_PROMOTION
Ofertas | Mercadolibre Chile,Ahora: 179990 pesos$179.99028% OFFAntes: 249990 pesos$249.99012x $ 14.999 sin inter乶Samsung Galaxy A24 Dual SIM 128 GB negro 8 GB RAMpor SamsungLlega gratis ma人na,https://www.mercadolibre.cl/samsung-galaxy-a24-dual-sim-128-gb-negro-8-gb-ram/p/MLC23207319?pdp_filters=category:MLC1051%7Cdeal:MLC779365-1&hide_psmb=true#searchVariation=MLC23207319&position=6&search_layout=grid&type=product&tracking_id=42b09447-a46e-4fda-a91a-93e274924b5f&deal_print_id=890e64e7-3359-4f55-ad52-5bad9a41b969&promotion_type=TODAY_PROMOTION
Ofertas | Mercadolibre Chile,OFERTA DEL D페Ahora: 22990 pesos$22.99034% OFFAntes: 34990 pesos$34.9906x $ 3.831 sin inter乶Bater眼 Externa Power Bank Master G 20000 Mah Power Deliverypor Master GLlega gratis ma人na,https://www.mercadolibre.cl/bateria-externa-power-bank-master-g-20000-mah-power-delivery/p/MLC21029062?pdp_filters=category:MLC1051%7Cdeal:MLC779365-1&hide_psmb=true#searchVariation=MLC21029062&position=7&search_layout=grid&type=product&tracking_id=42b09447-a46e-4fda-a91a-93e274924b5f&deal_print_id=890e64e7-3359-4f55-ad52-5bad9a41b969&promotion_type=DEAL_OF_THE_DAY
Ofertas | Mercadolibre Chile,Ahora: 159990 pesos$159.99020% OFFAntes: 199990 pesos$199.99012x $ 13.332 sin inter乶Samsung Galaxy A14 5G Dual SIM 128 GB plateado 4 GB RAMpor SamsungLlega gratis ma人na,https://www.mercadolibre.cl/samsung-galaxy-a14-5g-dual-sim-128-gb-plateado-4-gb-ram/p/MLC22272274?pdp_filters=category:MLC1051%7Cdeal:MLC779365-1&hide_psmb=true#searchVariation=MLC22272274&position=8&search_layout=grid&type=product&tracking_id=42b09447-a46e-4fda-a91a-93e274924b5f&deal_print_id=890e64e7-3359-4f55-ad52-5bad9a41b969&promotion_type=TODAY_PROMOTION
Ofertas | Mercadolibre Chile,Ahora: 199990 pesos$199.99016% OFFAntes: 239990 pesos$239.9906x $ 33.331 sin inter乶Xiaomi Redmi 12 Midnight Black 8gb Ram 256gbpor XiaomiLlega gratis ma人na,https://www.mercadolibre.cl/xiaomi-redmi-12-midnight-black-8gb-ram-256gb/p/MLC26879416?pdp_filters=category:MLC1051%7Cdeal:MLC779365-1&hide_psmb=true#searchVariation=MLC26879416&position=9&search_layout=grid&type=product&tracking_id=42b09447-a46e-4fda-a91a-93e274924b5f&deal_print_id=890e64e7-3359-4f55-ad52-5bad9a41b969&promotion_type=TODAY_PROMOTION
Ofertas | Mercadolibre Chile,Ahora: 179990 pesos$179.99028% OFFAntes: 249990 pesos$249.99012x $ 14.999 sin inter乶Samsung Galaxy A24 Dual SIM 128 GB verde claro 8 GB RAMpor SamsungLlega gratis ma人na,https://www.mercadolibre.cl/samsung-galaxy-a24-dual-sim-128-gb-verde-claro-8-gb-ram/p/MLC23207318?pdp_filters=category:MLC1051%7Cdeal:MLC779365-1&hide_psmb=true#searchVariation=MLC23207318&position=10&search_layout=grid&type=product&tracking_id=42b09447-a46e-4fda-a91a-93e274924b5f&deal_print_id=890e64e7-3359-4f55-ad52-5bad9a41b969&promotion_type=TODAY_PROMOTION
Ofertas | Mercadolibre Chile,Ahora: 199990 pesos$199.99045% OFFAntes: 369990 pesos$369.9906x $ 33.331 sin inter乶Samsung A23 5g 128gb 6gb Rampor WOMLlega gratis ma人na,https://articulo.mercadolibre.cl/MLC-1382056900-samsung-a23-5g-128gb-6gb-ram-_JM?hide_psmb=true#position=32&search_layout=grid&type=item&tracking_id=42b09447-a46e-4fda-a91a-93e274924b5f&deal_print_id=890e64e7-3359-4f55-ad52-5bad9a41b969&promotion_type=TODAY_PROMOTION
Ofertas | Mercadolibre Chile,Ahora: 166990 pesos$166.99027% OFFAntes: 229990 pesos$229.9906x $ 27.831 sin inter乶Motorola G53 5g 128 Gbpor MovistarLlega gratis ma人na,https://articulo.mercadolibre.cl/MLC-1320657876-motorola-g53-5g-128-gb-_JM?hide_psmb=true#position=33&search_layout=grid&type=item&tracking_id=42b09447-a46e-4fda-a91a-93e274924b5f&deal_print_id=890e64e7-3359-4f55-ad52-5bad9a41b969&promotion_type=TODAY_PROMOTION
Ofertas | Mercadolibre Chile,Ahora: 29990 pesos$29.99050% OFFAntes: 59990 pesos$59.99012x $ 2.499 sin inter乶Cargador Samsung Original 45w Carga Ultra R璥ida Tipo Usb  CLlega gratis ma人na,https://articulo.mercadolibre.cl/MLC-1372684365-cargador-samsung-original-45w-carga-ultra-rapida-tipo-usb-c-_JM?hide_psmb=true#position=34&search_layout=grid&type=item&tracking_id=42b09447-a46e-4fda-a91a-93e274924b5f&deal_print_id=890e64e7-3359-4f55-ad52-5bad9a41b969&promotion_type=TODAY_PROMOTION
Ofertas | Mercadolibre Chile,OFERTA DEL D페Ahora: 18990 pesos$18.99045% OFFAntes: 34990 pesos$34.9906x $ 3.165 sin inter乶30% OFF con EstadoCargador Bater眼 Externa Power Bank 20.000mah Aiwa Paw-400 Color Azul oscuropor AiwaLlega gratis ma人na,https://www.mercadolibre.cl/cargador-bateria-externa-power-bank-20000mah-aiwa-paw-400-color-azul-oscuro/p/MLC24206960?pdp_filters=category:MLC1051%7Cdeal:MLC779365-1&hide_psmb=true#searchVariation=MLC24206960&position=11&search_layout=grid&type=product&tracking_id=42b09447-a46e-4fda-a91a-93e274924b5f&deal_print_id=890e64e7-3359-4f55-ad52-5bad9a41b969&promotion_type=DEAL_OF_THE_DAY
Ofertas | Mercadolibre Chile,Ahora: 229990 pesos$229.99036% OFFAntes: 359990 pesos$359.9906x $ 38.331 sin inter乶Samsung Galaxy A34 5G 5G 128 GB awesome graphite 6 GB RAMpor MovistarLlega gratis ma人na,https://www.mercadolibre.cl/samsung-galaxy-a34-5g-5g-128-gb-awesome-graphite-6-gb-ram/p/MLC22385548?pdp_filters=category:MLC1051%7Cdeal:MLC779365-1&hide_psmb=true#searchVariation=MLC22385548&position=12&search_layout=grid&type=product&tracking_id=42b09447-a46e-4fda-a91a-93e274924b5f&deal_print_id=890e64e7-3359-4f55-ad52-5bad9a41b969&promotion_type=TODAY_PROMOTION
Ofertas | Mercadolibre Chile,OFERTA DEL D페Ahora: 44817 pesos$44.81740% OFFAntes: 74696 pesos$74.69612x $ 3.734 sin inter乶30% OFF con EstadoSmartwatch Hombre Reloj Inteligente Acero Inoxidable NegraLlega gratis ma人na,https://articulo.mercadolibre.cl/MLC-1813694528-smartwatch-hombre-reloj-inteligente-acero-inoxidable-negra-_JM?hide_psmb=true#position=35&search_layout=grid&type=item&tracking_id=42b09447-a46e-4fda-a91a-93e274924b5f&deal_print_id=890e64e7-3359-4f55-ad52-5bad9a41b969&promotion_type=DEAL_OF_THE_DAY
Ofertas | Mercadolibre Chile,Ahora: 179990 pesos$179.99028% OFFAntes: 249990 pesos$249.99012x $ 14.999 sin inter乶Samsung Galaxy A24 Dual SIM 128 GB plata 4 GB RAMpor SamsungLlega gratis ma人na,https://www.mercadolibre.cl/samsung-galaxy-a24-dual-sim-128-gb-plata-4-gb-ram/p/MLC23207310?pdp_filters=category:MLC1051%7Cdeal:MLC779365-1&hide_psmb=true#searchVariation=MLC23207310&position=13&search_layout=grid&type=product&tracking_id=42b09447-a46e-4fda-a91a-93e274924b5f&deal_print_id=890e64e7-3359-4f55-ad52-5bad9a41b969&promotion_type=TODAY_PROMOTION
Ofertas | Mercadolibre Chile,Ahora: 329990 pesos$329.99028% OFFAntes: 459990 pesos$459.9906x $ 54.998 sin inter乶Xiaomi Redmi Note 12 Pro 5G Dual SIM 256 GB negro 8 GB RAMpor XiaomiLlega gratis ma人na,https://www.mercadolibre.cl/xiaomi-redmi-note-12-pro-5g-dual-sim-256-gb-negro-8-gb-ram/p/MLC21286071?pdp_filters=category:MLC1051%7Cdeal:MLC779365-1&hide_psmb=true#searchVariation=MLC21286071&position=14&search_layout=grid&type=product&tracking_id=42b09447-a46e-4fda-a91a-93e274924b5f&deal_print_id=890e64e7-3359-4f55-ad52-5bad9a41b969&promotion_type=TODAY_PROMOTION
Ofertas | Mercadolibre Chile,OFERTA DEL D페Ahora: 143990 pesos$143.99052% OFFAntes: 299990 pesos$299.9906x $ 23.998 sin inter乶Celular Xiaomi Redmi 10 5g Eu 4gb+128gb Color Graphite graypor XiaomiLlega gratis ma人na,https://www.mercadolibre.cl/celular-xiaomi-redmi-10-5g-eu-4gb128gb-color-graphite-gray/p/MLC22103256?pdp_filters=category:MLC1051%7Cdeal:MLC779365-1&hide_psmb=true#searchVariation=MLC22103256&position=15&search_layout=grid&type=product&tracking_id=42b09447-a46e-4fda-a91a-93e274924b5f&deal_print_id=890e64e7-3359-4f55-ad52-5bad9a41b969&promotion_type=DEAL_OF_THE_DAY
Ofertas | Mercadolibre Chile,"Ahora: 289990 pesos$289.9909% OFFAntes: 319990 pesos$319.99012x $ 24.165 sin inter乶Apple Watch Se (40mm, Gps) Color de la caja Blanco Color de la correa Blanco Color del bisel Blanco - Distribuidor autorizadopor AppleLlega gratis ma人na",https://www.mercadolibre.cl/apple-watch-se-40mm-gps-color-de-la-caja-blanco-color-de-la-correa-blanco-color-del-bisel-blanco-distribuidor-autorizado/p/MLC1019679752?pdp_filters=category:MLC1051%7Cdeal:MLC779365-1&hide_psmb=true#searchVariation=MLC1019679752&position=16&search_layout=grid&type=product&tracking_id=42b09447-a46e-4fda-a91a-93e274924b5f&deal_print_id=890e64e7-3359-4f55-ad52-5bad9a41b969&promotion_type=TODAY_PROMOTION
Ofertas | Mercadolibre Chile,Ahora: 29994 pesos$29.99440% OFFAntes: 49990 pesos$49.9906x $ 4.999 sin inter乶Cargador Port磬il Master G 20000 Mah Pd 65w Quick Chargepor Master GLlega gratis ma人na,https://www.mercadolibre.cl/cargador-portatil-master-g-20000-mah-pd-65w-quick-charge/p/MLC21096326?pdp_filters=category:MLC1051%7Cdeal:MLC779365-1&hide_psmb=true#searchVariation=MLC21096326&position=17&search_layout=grid&type=product&tracking_id=42b09447-a46e-4fda-a91a-93e274924b5f&deal_print_id=890e64e7-3359-4f55-ad52-5bad9a41b969&promotion_type=TODAY_PROMOTION
Ofertas | Mercadolibre Chile,OFERTA DEL D페Ahora: 14990 pesos$14.9906% OFFAntes: 15990 pesos$15.9906x $ 2.498 sin inter乶Soporte Base Porta Celular Tablet Escritorio Mesa AjustableLlega ma人na,https://articulo.mercadolibre.cl/MLC-1054094168-soporte-base-porta-celular-tablet-escritorio-mesa-ajustable-_JM?hide_psmb=true#position=36&search_layout=grid&type=item&tracking_id=42b09447-a46e-4fda-a91a-93e274924b5f&deal_print_id=890e64e7-3359-4f55-ad52-5bad9a41b969&promotion_type=DEAL_OF_THE_DAY
Ofertas | Mercadolibre Chile,OFERTA DEL D페Ahora: 101990 pesos$101.99036% OFFAntes: 159990 pesos$159.9906x $ 16.998 sin inter乶Control Joystick Sony Backbone Playstation iPhone BlancoLlega gratis ma人na,https://articulo.mercadolibre.cl/MLC-1618303168-control-joystick-sony-backbone-playstation-iphone-blanco-_JM?hide_psmb=true#position=37&search_layout=grid&type=item&tracking_id=42b09447-a46e-4fda-a91a-93e274924b5f&deal_print_id=890e64e7-3359-4f55-ad52-5bad9a41b969&promotion_type=DEAL_OF_THE_DAY
Ofertas | Mercadolibre Chile,OFERTA DEL D페Ahora: 12990 pesos$12.99018% OFFAntes: 15990 pesos$15.9906x $ 2.165 sin inter乶Audifonos Pro Inalambricos Bluetooth Estuche RecargaLlega ma人na,https://articulo.mercadolibre.cl/MLC-1362789635-audifonos-pro-inalambricos-bluetooth-estuche-recarga-_JM?hide_psmb=true#position=38&search_layout=grid&type=item&tracking_id=42b09447-a46e-4fda-a91a-93e274924b5f&deal_print_id=890e64e7-3359-4f55-ad52-5bad9a41b969&promotion_type=DEAL_OF_THE_DAY
Ofertas | Mercadolibre Chile,OFERTA DEL D페Ahora: 19028 pesos$19.0285% OFFAntes: 20037 pesos$20.03712x $ 1.585 sin inter乶Aud斡onos Digitales Pantalla Led De Inal炅bricos Acefast,https://articulo.mercadolibre.cl/MLC-1521740002-audifonos-digitales-pantalla-led-de-inalambricos-acefast-_JM?hide_psmb=true#position=39&search_layout=grid&type=item&tracking_id=42b09447-a46e-4fda-a91a-93e274924b5f&deal_print_id=890e64e7-3359-4f55-ad52-5bad9a41b969&promotion_type=DEAL_OF_THE_DAY
Ofertas | Mercadolibre Chile,OFERTA DEL D페Ahora: 8990 pesos$8.99010% OFFAntes: 9990 pesos$9.9906x $ 1.498 sin inter乶Tarjeta De Memoria Universal Micro Sd 128 Gb + Adaptador SdLlega ma人na,https://articulo.mercadolibre.cl/MLC-1428348183-tarjeta-de-memoria-universal-micro-sd-128-gb-adaptador-sd-_JM?hide_psmb=true#position=40&search_layout=grid&type=item&tracking_id=42b09447-a46e-4fda-a91a-93e274924b5f&deal_print_id=890e64e7-3359-4f55-ad52-5bad9a41b969&promotion_type=DEAL_OF_THE_DAY
Ofertas | Mercadolibre Chile,OFERTA DEL D페Ahora: 12735 pesos$12.73525% OFFAntes: 16980 pesos$16.9806x $ 2.122 sin inter乶5 Control Joystick Gamepad Gamer Gatillo R1 L1 Celular W10Llega hoy,https://articulo.mercadolibre.cl/MLC-1013631087-5-control-joystick-gamepad-gamer-gatillo-r1-l1-celular-w10-_JM?hide_psmb=true#position=41&search_layout=grid&type=item&tracking_id=42b09447-a46e-4fda-a91a-93e274924b5f&deal_print_id=890e64e7-3359-4f55-ad52-5bad9a41b969&promotion_type=DEAL_OF_THE_DAY
Ofertas | Mercadolibre Chile,Ahora: 9891 pesos$9.89110% OFFAntes: 10990 pesos$10.99012x $ 824 sin inter乶Cargador Auto Carga R璥ida Smart Para iPhone Xiaomi SamsungLlega ma人na,https://articulo.mercadolibre.cl/MLC-915987792-cargador-auto-carga-rapida-smart-para-iphone-xiaomi-samsung-_JM?hide_psmb=true#position=42&search_layout=grid&type=item&tracking_id=42b09447-a46e-4fda-a91a-93e274924b5f&deal_print_id=890e64e7-3359-4f55-ad52-5bad9a41b969&promotion_type=TODAY_PROMOTION
Ofertas | Mercadolibre Chile,Ahora: 3090 pesos$3.09011% OFFAntes: 3490 pesos$3.49012x $ 257 sin inter乶Adaptador Cable Lightning Usb-c A Usb Cargador iPhone 13 12Llega ma人na,https://articulo.mercadolibre.cl/MLC-915466116-adaptador-cable-lightning-usb-c-a-usb-cargador-iphone-13-12-_JM?hide_psmb=true#position=43&search_layout=grid&type=item&tracking_id=42b09447-a46e-4fda-a91a-93e274924b5f&deal_print_id=890e64e7-3359-4f55-ad52-5bad9a41b969&promotion_type=TODAY_PROMOTION
Ofertas | Mercadolibre Chile,Ahora: 7350 pesos$7.3508% OFFAntes: 7990 pesos$7.99012x $ 612 sin inter乶Correa Estilo Alpinismo Outdoor Para Apple Watch/watch UltraLlega ma人na,https://articulo.mercadolibre.cl/MLC-1076369406-correa-estilo-alpinismo-outdoor-para-apple-watchwatch-ultra-_JM?hide_psmb=true#position=44&search_layout=grid&type=item&tracking_id=42b09447-a46e-4fda-a91a-93e274924b5f&deal_print_id=890e64e7-3359-4f55-ad52-5bad9a41b969&promotion_type=TODAY_PROMOTION
Ofertas | Mercadolibre Chile,Ahora: 6640 pesos$6.6405% OFFAntes: 6990 pesos$6.99012x $ 553 sin inter乶Correa Deportiva Oce烱ica Para Apple Watch/ Watch UltraLlega ma人na,https://articulo.mercadolibre.cl/MLC-1076363993-correa-deportiva-oceanica-para-apple-watch-watch-ultra-_JM?hide_psmb=true#position=45&search_layout=grid&type=item&tracking_id=42b09447-a46e-4fda-a91a-93e274924b5f&deal_print_id=890e64e7-3359-4f55-ad52-5bad9a41b969&promotion_type=TODAY_PROMOTION
Ofertas | Mercadolibre Chile,Ahora: 3912 pesos$3.91220% OFFAntes: 4890 pesos$4.89012x $ 326 sin inter乶Correa Intercambiable Smartband Para Huawei Band 7Llega ma人na,https://articulo.mercadolibre.cl/MLC-1068515645-correa-intercambiable-smartband-para-huawei-band-7-_JM?hide_psmb=true#position=46&search_layout=grid&type=item&tracking_id=42b09447-a46e-4fda-a91a-93e274924b5f&deal_print_id=890e64e7-3359-4f55-ad52-5bad9a41b969&promotion_type=TODAY_PROMOTION
Ofertas | Mercadolibre Chile,Ahora: 519990 pesos$519.99013% OFFAntes: 599990 pesos$599.99012x $ 43.332 sin inter乶Xiaomi 13T Dual SIM 256 GB negro 12 GB RAMpor XiaomiLlega gratis ma人na,https://www.mercadolibre.cl/xiaomi-13t-dual-sim-256-gb-negro-12-gb-ram/p/MLC27801531?pdp_filters=category:MLC1051%7Cdeal:MLC779365-1&hide_psmb=true#searchVariation=MLC27801531&position=18&search_layout=grid&type=product&tracking_id=42b09447-a46e-4fda-a91a-93e274924b5f&deal_print_id=890e64e7-3359-4f55-ad52-5bad9a41b969&promotion_type=TODAY_PROMOTION
Ofertas | Mercadolibre Chile,Ahora: 34162 pesos$34.1625% OFFAntes: 35960 pesos$35.9606x $ 5.693 sin inter乶Pack X4 Radio Transmisor Walkie Talkie Bf-888s BaofengLlega gratis ma人na,https://articulo.mercadolibre.cl/MLC-638275052-pack-x4-radio-transmisor-walkie-talkie-bf-888s-baofeng-_JM?hide_psmb=true#position=47&search_layout=grid&type=item&tracking_id=42b09447-a46e-4fda-a91a-93e274924b5f&deal_print_id=890e64e7-3359-4f55-ad52-5bad9a41b969&promotion_type=TODAY_PROMOTION
Ofertas | Mercadolibre Chile,Ahora: 24990 pesos$24.99028% OFFAntes: 34990 pesos$34.9906x $ 4.165 sin inter乶20000mah Redmi 18w Fast Charge Power Bank Blackpor XiaomiLlega gratis ma人na,https://www.mercadolibre.cl/20000mah-redmi-18w-fast-charge-power-bank-black/p/MLC21029066?pdp_filters=category:MLC1051%7Cdeal:MLC779365-1&hide_psmb=true#searchVariation=MLC21029066&position=19&search_layout=grid&type=product&tracking_id=42b09447-a46e-4fda-a91a-93e274924b5f&deal_print_id=890e64e7-3359-4f55-ad52-5bad9a41b969&promotion_type=TODAY_PROMOTION
Ofertas | Mercadolibre Chile,Ahora: 979989 pesos$979.98955% OFFAntes: 2189990 pesos$2.189.99012x $ 81.665 sin inter乶Samsung Galaxy S23 Ultra Dual SIM 512 GB phantom black 12 GB RAMpor SamsungLlega gratis ma人na,https://www.mercadolibre.cl/samsung-galaxy-s23-ultra-dual-sim-512-gb-phantom-black-12-gb-ram/p/MLC21436193?pdp_filters=category:MLC1051%7Cdeal:MLC779365-1&hide_psmb=true#searchVariation=MLC21436193&position=20&search_layout=grid&type=product&tracking_id=42b09447-a46e-4fda-a91a-93e274924b5f&deal_print_id=890e64e7-3359-4f55-ad52-5bad9a41b969&promotion_type=TODAY_PROMOTION
Ofertas | Mercadolibre Chile,Ahora: 279990 pesos$279.99030% OFFAntes: 399990 pesos$399.9906x $ 46.665 sin inter乶Xiaomi Redmi Note 12 Pro 5G Dual SIM 128 GB negro 6 GB RAMpor PHONE STORELlega gratis ma人na,https://www.mercadolibre.cl/xiaomi-redmi-note-12-pro-5g-dual-sim-128-gb-negro-6-gb-ram/p/MLC21286079?pdp_filters=category:MLC1051%7Cdeal:MLC779365-1&hide_psmb=true#searchVariation=MLC21286079&position=21&search_layout=grid&type=product&tracking_id=42b09447-a46e-4fda-a91a-93e274924b5f&deal_print_id=890e64e7-3359-4f55-ad52-5bad9a41b969&promotion_type=TODAY_PROMOTION
Ofertas | Mercadolibre Chile,Ahora: 94990 pesos$94.99036% OFFAntes: 149990 pesos$149.9906x $ 15.831 sin inter乶Samsung Galaxy A04 Dual SIM 64 GB negro 4 GB RAMLlega gratis ma人na,https://www.mercadolibre.cl/samsung-galaxy-a04-dual-sim-64-gb-negro-4-gb-ram/p/MLC21078886?pdp_filters=category:MLC1051%7Cdeal:MLC779365-1&hide_psmb=true#searchVariation=MLC21078886&position=22&search_layout=grid&type=product&tracking_id=42b09447-a46e-4fda-a91a-93e274924b5f&deal_print_id=890e64e7-3359-4f55-ad52-5bad9a41b969&promotion_type=TODAY_PROMOTION
Ofertas | Mercadolibre Chile,Ahora: 250689 pesos$250.68926% OFFAntes: 339990 pesos$339.99012x $ 20.890 sin inter乶Samsung Galaxy A34 5G 5G 128 GB awesome silver 6 GB RAMpor SamsungLlega gratis ma人na,https://www.mercadolibre.cl/samsung-galaxy-a34-5g-5g-128-gb-awesome-silver-6-gb-ram/p/MLC22385547?pdp_filters=category:MLC1051%7Cdeal:MLC779365-1&hide_psmb=true#searchVariation=MLC22385547&position=23&search_layout=grid&type=product&tracking_id=42b09447-a46e-4fda-a91a-93e274924b5f&deal_print_id=890e64e7-3359-4f55-ad52-5bad9a41b969&promotion_type=TODAY_PROMOTION
Ofertas | Mercadolibre Chile,Ahora: 44990 pesos$44.99018% OFFAntes: 54990 pesos$54.9906x $ 7.498 sin inter乶30% OFF con EstadoReloj Redmi Watch 3 Active Color de la caja Negro Color del bisel Negropor XiaomiLlega gratis ma人na,https://www.mercadolibre.cl/reloj-redmi-watch-3-active-color-de-la-caja-negro-color-del-bisel-negro/p/MLC25371680?pdp_filters=category:MLC1051%7Cdeal:MLC779365-1&hide_psmb=true#searchVariation=MLC25371680&position=24&search_layout=grid&type=product&tracking_id=42b09447-a46e-4fda-a91a-93e274924b5f&deal_print_id=890e64e7-3359-4f55-ad52-5bad9a41b969&promotion_type=TODAY_PROMOTION
Ofertas | Mercadolibre Chile,"Ahora: 139990 pesos$139.99036% OFFAntes: 219990 pesos$219.9906x $ 23.331 sin inter乶Samsung Galaxy Watch4 (Bluetooth) Watch4 (Bluetooth) 1.2"" caja 40mm de  aluminio  black, malla  black de  fluoroelast藻ero SM-R860por SamsungLlega gratis ma人na",https://www.mercadolibre.cl/samsung-galaxy-watch4-bluetooth-watch4-bluetooth-12-caja-40mm-de-aluminio-black-malla-black-de-fluoroelastomero-sm-r860/p/MLC18362365?pdp_filters=category:MLC1051%7Cdeal:MLC779365-1&hide_psmb=true#searchVariation=MLC18362365&position=25&search_layout=grid&type=product&tracking_id=42b09447-a46e-4fda-a91a-93e274924b5f&deal_print_id=890e64e7-3359-4f55-ad52-5bad9a41b969&promotion_type=TODAY_PROMOTION
Ofertas | Mercadolibre Chile,Ahora: 195990 pesos$195.99021% OFFAntes: 249990 pesos$249.9906x $ 32.665 sin inter乶Xiaomi Redmi Note 12 5G Dual SIM 128 GB mystique blue 4 GB RAMpor PHONE STORELlega gratis ma人na,https://www.mercadolibre.cl/xiaomi-redmi-note-12-5g-dual-sim-128-gb-mystique-blue-4-gb-ram/p/MLC22098664?pdp_filters=category:MLC1051%7Cdeal:MLC779365-1&hide_psmb=true#searchVariation=MLC22098664&position=26&search_layout=grid&type=product&tracking_id=42b09447-a46e-4fda-a91a-93e274924b5f&deal_print_id=890e64e7-3359-4f55-ad52-5bad9a41b969&promotion_type=TODAY_PROMOTION
Ofertas | Mercadolibre Chile,OFERTA DEL D페Ahora: 172990 pesos$172.99013% OFFAntes: 199990 pesos$199.9906x $ 28.831 sin inter乶30% OFF con EstadoAud斡onos Bluetooth Shokz Openfit Color Negropor ShokzLlega gratis ma人na,https://www.mercadolibre.cl/audifonos-bluetooth-shokz-openfit-color-negro/p/MLC25121119?pdp_filters=category:MLC1051%7Cdeal:MLC779365-1&hide_psmb=true#searchVariation=MLC25121119&position=27&search_layout=grid&type=product&tracking_id=42b09447-a46e-4fda-a91a-93e274924b5f&deal_print_id=890e64e7-3359-4f55-ad52-5bad9a41b969&promotion_type=DEAL_OF_THE_DAY
Ofertas | Mercadolibre Chile,Ahora: 35991 pesos$35.99110% OFFAntes: 39990 pesos$39.9906x $ 5.998 sin inter乶Apple Rastreador Airtag 1 Unidadpor BESTMARTCLLlega gratis ma人na,https://articulo.mercadolibre.cl/MLC-1041581617-apple-rastreador-airtag-1-unidad-_JM?hide_psmb=true#position=48&search_layout=grid&type=item&tracking_id=42b09447-a46e-4fda-a91a-93e274924b5f&deal_print_id=890e64e7-3359-4f55-ad52-5bad9a41b969&promotion_type=TODAY_PROMOTION
Ofertas | Mercadolibre Chile,Ahora: 12190 pesos$12.19018% OFFAntes: 14990 pesos$14.9906x $ 2.031 sin inter乶Tarjeta de memoria SanDisk SDSQUNR-128G-GN6TA  Ultra con adaptador SD 128GBpor SandiskLlega ma人na,https://www.mercadolibre.cl/tarjeta-de-memoria-sandisk-sdsqunr-128g-gn6ta-ultra-con-adaptador-sd-128gb/p/MLC16590763?pdp_filters=category:MLC1051%7Cdeal:MLC779365-1&hide_psmb=true#searchVariation=MLC16590763&position=28&search_layout=grid&type=product&tracking_id=42b09447-a46e-4fda-a91a-93e274924b5f&deal_print_id=890e64e7-3359-4f55-ad52-5bad9a41b969&promotion_type=TODAY_PROMOTION
Ofertas | Mercadolibre Chile,Ahora: 44990 pesos$44.99013% OFFAntes: 51990 pesos$51.9906x $ 7.498 sin inter乶30% OFF con EstadoSmartwatch Huawei Band 8 Rosado,https://www.mercadolibre.cl/smartwatch-huawei-band-8-rosado/p/MLC23403183?pdp_filters=category:MLC1051%7Cdeal:MLC779365-1&hide_psmb=true#searchVariation=MLC23403183&position=29&search_layout=grid&type=product&tracking_id=42b09447-a46e-4fda-a91a-93e274924b5f&deal_print_id=890e64e7-3359-4f55-ad52-5bad9a41b969&promotion_type=TODAY_PROMOTION
Ofertas | Mercadolibre Chile,Ahora: 44990 pesos$44.99018% OFFAntes: 54990 pesos$54.9906x $ 7.498 sin inter乶30% OFF con EstadoReloj Xiaomi Redmi Watch 3 Active Color de la caja Gris Color del bisel Grispor XiaomiLlega gratis ma人na,https://www.mercadolibre.cl/reloj-xiaomi-redmi-watch-3-active-color-de-la-caja-gris-color-del-bisel-gris/p/MLC24783262?pdp_filters=category:MLC1051%7Cdeal:MLC779365-1&hide_psmb=true#searchVariation=MLC24783262&position=30&search_layout=grid&type=product&tracking_id=42b09447-a46e-4fda-a91a-93e274924b5f&deal_print_id=890e64e7-3359-4f55-ad52-5bad9a41b969&promotion_type=TODAY_PROMOTION
Ofertas | Mercadolibre Chile,Anterior,https://www.mercadolibre.cl/ofertas?container_id=MLC779365-1&category=MLC1051&page=0
Ofertas | Mercadolibre Chile,1,https://www.mercadolibre.cl/ofertas?container_id=MLC779365-1&category=MLC1051&page=1
Ofertas | Mercadolibre Chile,2,https://www.mercadolibre.cl/ofertas?container_id=MLC779365-1&category=MLC1051&page=2
Ofertas | Mercadolibre Chile,3,https://www.mercadolibre.cl/ofertas?container_id=MLC779365-1&category=MLC1051&page=3
Ofertas | Mercadolibre Chile,4,https://www.mercadolibre.cl/ofertas?container_id=MLC779365-1&category=MLC1051&page=4
Ofertas | Mercadolibre Chile,5,https://www.mercadolibre.cl/ofertas?container_id=MLC779365-1&category=MLC1051&page=5
Ofertas | Mercadolibre Chile,6,https://www.mercadolibre.cl/ofertas?container_id=MLC779365-1&category=MLC1051&page=6
Ofertas | Mercadolibre Chile,7,https://www.mercadolibre.cl/ofertas?container_id=MLC779365-1&category=MLC1051&page=7
Ofertas | Mercadolibre Chile,8,https://www.mercadolibre.cl/ofertas?container_id=MLC779365-1&category=MLC1051&page=8
Ofertas | Mercadolibre Chile,Siguiente,https://www.mercadolibre.cl/ofertas?container_id=MLC779365-1&category=MLC1051&page=2
Ofertas | Mercadolibre Chile,Mercado Libre,https://www.mercadolibre.cl/institucional
Ofertas | Mercadolibre Chile,Investor relations,https://investor.mercadolibre.com
Ofertas | Mercadolibre Chile,Tendencias,https://tendencias.mercadolibre.cl
Ofertas | Mercadolibre Chile,Sustentabilidad,https://sustentabilidadmercadolibre.com/
Ofertas | Mercadolibre Chile,Developers,https://developers.mercadolibre.com
Ofertas | Mercadolibre Chile,Mercado Pago,https://www.mercadopago.cl
Ofertas | Mercadolibre Chile,Mercado Shops,https://www.mercadoshops.cl
Ofertas | Mercadolibre Chile,Env癌s,https://envios.mercadolibre.cl
Ofertas | Mercadolibre Chile,Mercado Ads,https://ads.mercadolibre.cl
Ofertas | Mercadolibre Chile,Comprar,https://www.mercadolibre.cl/ayuda/Compras_638
Ofertas | Mercadolibre Chile,Vender,https://www.mercadolibre.cl/ayuda/Vendiendo_643
Ofertas | Mercadolibre Chile,Resoluci蚤 de problemas,https://www.mercadolibre.cl/ayuda
Ofertas | Mercadolibre Chile,Centro de seguridad,https://www.mercadolibre.cl/ayuda/Seguridad_663
Ofertas | Mercadolibre Chile,Twitter,https://twitter.com/Mercadolibre
Ofertas | Mercadolibre Chile,Facebook,https://www.facebook.com/MercadoLibre
Ofertas | Mercadolibre Chile,YouTube,https://www.youtube.com/user/mercadolibre
Ofertas | Mercadolibre Chile,Ingresa,https://www.mercadolibre.com/jms/mlc/lgz/login?platform_id=ML&go=https%3A%2F%2Fwww.mercadolibre.cl%2Fofertas%3Fcontainer_id%3DMLC779365-1%26category%3DMLC1051&loginType=explicit
Ofertas | Mercadolibre Chile,Vender,https://www.mercadolibre.cl/syi/core/list
Ofertas | Mercadolibre Chile,Nivel 6,https://www.mercadolibre.cl/suscripciones/nivel-6#origin=footer_ml
Ofertas | Mercadolibre Chile,Disney+,https://www.mercadolibre.cl/suscripciones/nivel-6#origin=footer_ml
Ofertas | Mercadolibre Chile,Star+,https://www.mercadolibre.cl/suscripciones/nivel-6#origin=footer_ml
Ofertas | Mercadolibre Chile,HBO MAX,https://www.mercadolibre.cl/suscripciones/hbo#origin=footer_ml
Ofertas | Mercadolibre Chile,Paramount+,https://www.mercadolibre.cl/suscripciones/paramount#origin=footer_ml
Ofertas | Mercadolibre Chile,Trabaja con nosotros,https://careers-meli.mercadolibre.com/?utm_campaign=site-mlc&utm_source=mercadolibre&utm_medium=mercadolibre
Ofertas | Mercadolibre Chile,T本minos y condiciones,https://www.mercadolibre.cl/ayuda/terminos-y-condiciones-uso_1843
Ofertas | Mercadolibre Chile,C藻o cuidamos tu privacidad,https://www.mercadolibre.cl/privacidad
Ofertas | Mercadolibre Chile,Accesibilidad,https://www.mercadolibre.cl/accesibilidad
Ofertas | Mercadolibre Chile,Ayuda,https://www.mercadolibre.cl/ayuda
Ofertas | Mercadolibre Chile,Mercado Libre,https://hp.mercadolibre.com/?p=ML&s=MLC&d=desktop
Ofertas | Mercadolibre Chile,Centro de Privacidad.,https://www.mercadolibre.cl/privacidad#tech-and-cookies
Ofertas | Mercadolibre Chile,Configurar cookies,https://www.mercadolibre.cl/privacy-preferences/cookies
